big_ben_clock,2019-10-09 22:26:06,HOPE BE BACK SOON SORRY FOR INCONVENIENCE
big_ben_clock,2019-07-29 17:00:02,BONG BONG BONG BONG BONG BONG
big_ben_clock,2019-07-29 16:06:04,BONG BONG BONG BONG BONG
big_ben_clock,2019-07-29 15:00:02,BONG BONG BONG BONG
big_ben_clock,2019-07-29 14:00:02,BONG BONG BONG
big_ben_clock,2019-07-29 13:03:03,BONG BONG
big_ben_clock,2019-07-29 12:00:02,BONG
big_ben_clock,2019-07-29 11:00:03,BONG BONG BONG BONG BONG BONG BONG BONG BONG BONG BONG BONG
big_ben_clock,2019-07-29 10:06:04,BONG BONG BONG BONG BONG BONG BONG BONG BONG BONG BONG
big_ben_clock,2019-07-29 09:06:04,BONG BONG BONG BONG BONG BONG BONG BONG BONG BONG
big_ben_clock,2019-07-29 08:01:02,BONG BONG BONG BONG BONG BONG BONG BONG BONG
big_ben_clock,2019-07-29 07:00:02,BONG BONG BONG BONG BONG BONG BONG BONG
big_ben_clock,2019-07-29 06:00:02,BONG BONG BONG BONG BONG BONG BONG
big_ben_clock,2019-07-29 05:03:03,BONG BONG BONG BONG BONG BONG
big_ben_clock,2019-07-29 04:05:04,BONG BONG BONG BONG BONG
big_ben_clock,2019-07-29 03:00:02,BONG BONG BONG BONG
big_ben_clock,2019-07-29 02:00:02,BONG BONG BONG
big_ben_clock,2019-07-29 01:03:03,BONG BONG
big_ben_clock,2019-07-29 00:00:02,BONG
big_ben_clock,2019-07-28 23:00:02,BONG BONG BONG BONG BONG BONG BONG BONG BONG BONG BONG BONG
big_ben_clock,2019-07-28 22:06:04,BONG BONG BONG BONG BONG BONG BONG BONG BONG BONG BONG
big_ben_clock,2019-07-28 21:06:04,BONG BONG BONG BONG BONG BONG BONG BONG BONG BONG
big_ben_clock,2019-07-28 20:01:02,BONG BONG BONG BONG BONG BONG BONG BONG BONG
big_ben_clock,2019-07-28 19:02:03,BONG BONG BONG BONG BONG BONG BONG BONG
big_ben_clock,2019-07-28 18:00:02,BONG BONG BONG BONG BONG BONG BONG
big_ben_clock,2019-07-28 17:03:03,BONG BONG BONG BONG BONG BONG
big_ben_clock,2019-07-28 16:05:04,BONG BONG BONG BONG BONG
big_ben_clock,2019-07-28 15:00:02,BONG BONG BONG BONG
big_ben_clock,2019-07-28 14:00:02,BONG BONG BONG
big_ben_clock,2019-07-28 13:03:02,BONG BONG
big_ben_clock,2019-07-28 12:00:02,BONG
big_ben_clock,2019-07-28 11:00:02,BONG BONG BONG BONG BONG BONG BONG BONG BONG BONG BONG BONG
big_ben_clock,2019-07-28 10:06:03,BONG BONG BONG BONG BONG BONG BONG BONG BONG BONG BONG
big_ben_clock,2019-07-28 09:06:04,BONG BONG BONG BONG BONG BONG BONG BONG BONG BONG
big_ben_clock,2019-07-28 08:01:02,BONG BONG BONG BONG BONG BONG BONG BONG BONG
big_ben_clock,2019-07-28 07:02:03,BONG BONG BONG BONG BONG BONG BONG BONG
big_ben_clock,2019-07-28 06:00:02,BONG BONG BONG BONG BONG BONG BONG
big_ben_clock,2019-07-28 05:02:03,BONG BONG BONG BONG BONG BONG
big_ben_clock,2019-07-28 04:05:03,BONG BONG BONG BONG BONG
big_ben_clock,2019-07-28 03:00:02,BONG BONG BONG BONG
big_ben_clock,2019-07-28 02:00:02,BONG BONG BONG
big_ben_clock,2019-07-28 01:01:03,BONG BONG
big_ben_clock,2019-07-28 00:00:02,BONG
big_ben_clock,2019-07-27 23:00:02,BONG BONG BONG BONG BONG BONG BONG BONG BONG BONG BONG BONG
big_ben_clock,2019-07-27 22:05:04,BONG BONG BONG BONG BONG BONG BONG BONG BONG BONG BONG
big_ben_clock,2019-07-27 21:06:04,BONG BONG BONG BONG BONG BONG BONG BONG BONG BONG
big_ben_clock,2019-07-27 20:00:02,BONG BONG BONG BONG BONG BONG BONG BONG BONG
big_ben_clock,2019-07-27 19:02:02,BONG BONG BONG BONG BONG BONG BONG BONG
big_ben_clock,2019-07-27 18:00:02,BONG BONG BONG BONG BONG BONG BONG
big_ben_clock,2019-07-27 17:02:03,BONG BONG BONG BONG BONG BONG
big_ben_clock,2019-07-27 16:04:04,BONG BONG BONG BONG BONG
big_ben_clock,2019-07-27 15:00:02,BONG BONG BONG BONG
big_ben_clock,2019-07-27 14:00:02,BONG BONG BONG
big_ben_clock,2019-07-27 13:01:02,BONG BONG
big_ben_clock,2019-07-27 12:00:02,BONG
big_ben_clock,2019-07-27 11:00:02,BONG BONG BONG BONG BONG BONG BONG BONG BONG BONG BONG BONG
big_ben_clock,2019-07-27 10:05:04,BONG BONG BONG BONG BONG BONG BONG BONG BONG BONG BONG
big_ben_clock,2019-07-27 09:05:04,BONG BONG BONG BONG BONG BONG BONG BONG BONG BONG
big_ben_clock,2019-07-27 08:00:02,BONG BONG BONG BONG BONG BONG BONG BONG BONG
big_ben_clock,2019-07-27 07:01:03,BONG BONG BONG BONG BONG BONG BONG BONG
big_ben_clock,2019-07-27 06:00:02,BONG BONG BONG BONG BONG BONG BONG
big_ben_clock,2019-07-27 05:02:02,BONG BONG BONG BONG BONG BONG
big_ben_clock,2019-07-27 04:04:03,BONG BONG BONG BONG BONG
big_ben_clock,2019-07-27 03:00:02,BONG BONG BONG BONG
big_ben_clock,2019-07-27 02:00:02,BONG BONG BONG
big_ben_clock,2019-07-27 01:00:02,BONG BONG
big_ben_clock,2019-07-27 00:00:02,BONG
big_ben_clock,2019-07-26 23:00:02,BONG BONG BONG BONG BONG BONG BONG BONG BONG BONG BONG BONG
big_ben_clock,2019-07-26 22:05:04,BONG BONG BONG BONG BONG BONG BONG BONG BONG BONG BONG
big_ben_clock,2019-07-26 21:05:03,BONG BONG BONG BONG BONG BONG BONG BONG BONG BONG
big_ben_clock,2019-07-26 20:00:02,BONG BONG BONG BONG BONG BONG BONG BONG BONG
big_ben_clock,2019-07-26 19:01:02,BONG BONG BONG BONG BONG BONG BONG BONG
big_ben_clock,2019-07-26 18:00:02,BONG BONG BONG BONG BONG BONG BONG
big_ben_clock,2019-07-26 17:01:02,BONG BONG BONG BONG BONG BONG
big_ben_clock,2019-07-26 16:04:03,BONG BONG BONG BONG BONG
big_ben_clock,2019-07-26 15:00:02,BONG BONG BONG BONG
big_ben_clock,2019-07-26 14:00:02,BONG BONG BONG
big_ben_clock,2019-07-26 13:03:03,BONG BONG
big_ben_clock,2019-07-26 12:00:02,BONG
big_ben_clock,2019-07-26 11:00:02,BONG BONG BONG BONG BONG BONG BONG BONG BONG BONG BONG BONG
big_ben_clock,2019-07-26 10:05:04,BONG BONG BONG BONG BONG BONG BONG BONG BONG BONG BONG
big_ben_clock,2019-07-26 09:04:03,BONG BONG BONG BONG BONG BONG BONG BONG BONG BONG
big_ben_clock,2019-07-26 08:00:02,BONG BONG BONG BONG BONG BONG BONG BONG BONG
big_ben_clock,2019-07-26 07:00:02,BONG BONG BONG BONG BONG BONG BONG BONG
big_ben_clock,2019-07-26 06:00:02,BONG BONG BONG BONG BONG BONG BONG
big_ben_clock,2019-07-26 05:01:02,BONG BONG BONG BONG BONG BONG
big_ben_clock,2019-07-26 04:03:03,BONG BONG BONG BONG BONG
big_ben_clock,2019-07-26 03:00:02,BONG BONG BONG BONG
big_ben_clock,2019-07-26 02:00:02,BONG BONG BONG
big_ben_clock,2019-07-26 01:03:03,BONG BONG
big_ben_clock,2019-07-26 00:01:02,BONG
big_ben_clock,2019-07-25 23:00:02,BONG BONG BONG BONG BONG BONG BONG BONG BONG BONG BONG BONG
big_ben_clock,2019-07-25 22:05:04,BONG BONG BONG BONG BONG BONG BONG BONG BONG BONG BONG
big_ben_clock,2019-07-25 21:04:03,BONG BONG BONG BONG BONG BONG BONG BONG BONG BONG
big_ben_clock,2019-07-25 20:00:02,BONG BONG BONG BONG BONG BONG BONG BONG BONG
big_ben_clock,2019-07-25 18:04:05,BONG BONG BONG BONG BONG BONG BONG
big_ben_clock,2019-07-25 17:01:02,BONG BONG BONG BONG BONG BONG
big_ben_clock,2019-07-25 16:03:03,BONG BONG BONG BONG BONG
big_ben_clock,2019-07-25 15:00:02,BONG BONG BONG BONG
big_ben_clock,2019-07-25 14:00:02,BONG BONG BONG
big_ben_clock,2019-07-25 13:01:03,BONG BONG
big_ben_clock,2019-07-25 12:01:02,BONG
big_ben_clock,2019-07-25 11:00:02,BONG BONG BONG BONG BONG BONG BONG BONG BONG BONG BONG BONG
big_ben_clock,2019-07-25 10:00:02,BONG BONG BONG BONG BONG BONG BONG BONG BONG BONG BONG
big_ben_clock,2019-07-25 09:03:02,BONG BONG BONG BONG BONG BONG BONG BONG BONG BONG
big_ben_clock,2019-07-25 08:00:02,BONG BONG BONG BONG BONG BONG BONG BONG BONG
big_ben_clock,2019-07-25 07:09:05,BONG BONG BONG BONG BONG BONG BONG BONG
big_ben_clock,2019-07-25 06:07:04,BONG BONG BONG BONG BONG BONG BONG
big_ben_clock,2019-07-25 05:01:02,BONG BONG BONG BONG BONG BONG
big_ben_clock,2019-07-25 04:03:03,BONG BONG BONG BONG BONG
big_ben_clock,2019-07-25 03:00:02,BONG BONG BONG BONG
big_ben_clock,2019-07-25 02:00:02,BONG BONG BONG
big_ben_clock,2019-07-25 01:01:02,BONG BONG
big_ben_clock,2019-07-25 00:01:02,BONG
big_ben_clock,2019-07-24 23:00:02,BONG BONG BONG BONG BONG BONG BONG BONG BONG BONG BONG BONG
big_ben_clock,2019-07-24 22:00:02,BONG BONG BONG BONG BONG BONG BONG BONG BONG BONG BONG
big_ben_clock,2019-07-24 21:02:03,BONG BONG BONG BONG BONG BONG BONG BONG BONG BONG
big_ben_clock,2019-07-24 20:00:03,BONG BONG BONG BONG BONG BONG BONG BONG BONG
big_ben_clock,2019-07-24 19:09:05,BONG BONG BONG BONG BONG BONG BONG BONG
big_ben_clock,2019-07-24 18:06:04,BONG BONG BONG BONG BONG BONG BONG
big_ben_clock,2019-07-24 17:00:03,BONG BONG BONG BONG BONG BONG
big_ben_clock,2019-07-24 16:03:03,BONG BONG BONG BONG BONG
big_ben_clock,2019-07-24 15:00:02,BONG BONG BONG BONG
big_ben_clock,2019-07-24 14:02:03,BONG BONG BONG
big_ben_clock,2019-07-24 13:00:03,BONG BONG
big_ben_clock,2019-07-24 12:00:03,BONG
big_ben_clock,2019-07-24 11:00:02,BONG BONG BONG BONG BONG BONG BONG BONG BONG BONG BONG BONG
big_ben_clock,2019-07-24 10:00:02,BONG BONG BONG BONG BONG BONG BONG BONG BONG BONG BONG
big_ben_clock,2019-07-24 09:01:07,BONG BONG BONG BONG BONG BONG BONG BONG BONG BONG
big_ben_clock,2019-07-24 08:03:03,BONG BONG BONG BONG BONG BONG BONG BONG BONG
big_ben_clock,2019-07-24 07:09:04,BONG BONG BONG BONG BONG BONG BONG BONG
big_ben_clock,2019-07-24 06:06:04,BONG BONG BONG BONG BONG BONG BONG
big_ben_clock,2019-07-24 05:00:02,BONG BONG BONG BONG BONG BONG
big_ben_clock,2019-07-24 04:03:03,BONG BONG BONG BONG BONG
big_ben_clock,2019-07-24 03:00:02,BONG BONG BONG BONG
big_ben_clock,2019-07-24 02:02:03,BONG BONG BONG
big_ben_clock,2019-07-24 01:00:03,BONG BONG
big_ben_clock,2019-07-23 23:00:02,BONG BONG BONG BONG BONG BONG BONG BONG BONG BONG BONG BONG
big_ben_clock,2019-07-23 21:01:03,BONG BONG BONG BONG BONG BONG BONG BONG BONG BONG
big_ben_clock,2019-07-23 20:03:03,BONG BONG BONG BONG BONG BONG BONG BONG BONG
big_ben_clock,2019-07-23 19:08:05,BONG BONG BONG BONG BONG BONG BONG BONG
big_ben_clock,2019-07-23 18:06:04,BONG BONG BONG BONG BONG BONG BONG
big_ben_clock,2019-07-23 16:02:07,BONG BONG BONG BONG BONG
big_ben_clock,2019-07-23 15:00:02,BONG BONG BONG BONG
big_ben_clock,2019-07-23 14:01:02,BONG BONG BONG
big_ben_clock,2019-07-23 13:00:02,BONG BONG
big_ben_clock,2019-07-23 12:02:03,BONG
big_ben_clock,2019-07-23 11:00:02,BONG BONG BONG BONG BONG BONG BONG BONG BONG BONG BONG BONG
big_ben_clock,2019-07-23 10:00:02,BONG BONG BONG BONG BONG BONG BONG BONG BONG BONG BONG
big_ben_clock,2019-07-23 09:01:03,BONG BONG BONG BONG BONG BONG BONG BONG BONG BONG
big_ben_clock,2019-07-23 08:03:03,BONG BONG BONG BONG BONG BONG BONG BONG BONG
big_ben_clock,2019-07-23 07:08:04,BONG BONG BONG BONG BONG BONG BONG BONG
big_ben_clock,2019-07-23 06:06:03,BONG BONG BONG BONG BONG BONG BONG
big_ben_clock,2019-07-23 05:02:03,BONG BONG BONG BONG BONG BONG
big_ben_clock,2019-07-23 04:01:03,BONG BONG BONG BONG BONG
big_ben_clock,2019-07-23 03:00:02,BONG BONG BONG BONG
big_ben_clock,2019-07-23 02:01:02,BONG BONG BONG
big_ben_clock,2019-07-23 01:00:02,BONG BONG
big_ben_clock,2019-07-23 00:02:02,BONG
big_ben_clock,2019-07-22 23:00:02,BONG BONG BONG BONG BONG BONG BONG BONG BONG BONG BONG BONG
big_ben_clock,2019-07-22 22:00:02,BONG BONG BONG BONG BONG BONG BONG BONG BONG BONG BONG
big_ben_clock,2019-07-22 21:00:03,BONG BONG BONG BONG BONG BONG BONG BONG BONG BONG
big_ben_clock,2019-07-22 20:03:03,BONG BONG BONG BONG BONG BONG BONG BONG BONG
big_ben_clock,2019-07-22 19:07:04,BONG BONG BONG BONG BONG BONG BONG BONG
big_ben_clock,2019-07-22 18:05:04,BONG BONG BONG BONG BONG BONG BONG
big_ben_clock,2019-07-22 17:02:03,BONG BONG BONG BONG BONG BONG
big_ben_clock,2019-07-22 16:01:02,BONG BONG BONG BONG BONG
big_ben_clock,2019-07-22 15:00:02,BONG BONG BONG BONG
big_ben_clock,2019-07-22 14:01:02,BONG BONG BONG
big_ben_clock,2019-07-22 13:00:02,BONG BONG
big_ben_clock,2019-07-22 12:01:03,BONG
big_ben_clock,2019-07-22 11:00:02,BONG BONG BONG BONG BONG BONG BONG BONG BONG BONG BONG BONG
big_ben_clock,2019-07-22 10:00:02,BONG BONG BONG BONG BONG BONG BONG BONG BONG BONG BONG
big_ben_clock,2019-07-22 09:00:02,BONG BONG BONG BONG BONG BONG BONG BONG BONG BONG
big_ben_clock,2019-07-22 08:03:03,BONG BONG BONG BONG BONG BONG BONG BONG BONG
big_ben_clock,2019-07-22 07:07:04,BONG BONG BONG BONG BONG BONG BONG BONG
big_ben_clock,2019-07-22 06:05:03,BONG BONG BONG BONG BONG BONG BONG
big_ben_clock,2019-07-22 05:02:03,BONG BONG BONG BONG BONG BONG
big_ben_clock,2019-07-22 04:00:02,BONG BONG BONG BONG BONG
big_ben_clock,2019-07-22 03:00:02,BONG BONG BONG BONG
big_ben_clock,2019-07-22 02:00:03,BONG BONG BONG
big_ben_clock,2019-07-22 01:00:02,BONG BONG
big_ben_clock,2019-07-22 00:01:02,BONG
big_ben_clock,2019-07-21 23:00:02,BONG BONG BONG BONG BONG BONG BONG BONG BONG BONG BONG BONG
big_ben_clock,2019-07-21 22:00:02,BONG BONG BONG BONG BONG BONG BONG BONG BONG BONG BONG
big_ben_clock,2019-07-21 21:00:02,BONG BONG BONG BONG BONG BONG BONG BONG BONG BONG
big_ben_clock,2019-07-21 20:03:03,BONG BONG BONG BONG BONG BONG BONG BONG BONG
big_ben_clock,2019-07-21 19:06:05,BONG BONG BONG BONG BONG BONG BONG BONG
big_ben_clock,2019-07-21 18:04:04,BONG BONG BONG BONG BONG BONG BONG
big_ben_clock,2019-07-21 17:01:03,BONG BONG BONG BONG BONG BONG
big_ben_clock,2019-07-21 16:00:02,BONG BONG BONG BONG BONG
big_ben_clock,2019-07-21 15:00:02,BONG BONG BONG BONG
big_ben_clock,2019-07-21 14:00:02,BONG BONG BONG
big_ben_clock,2019-07-21 13:00:02,BONG BONG
big_ben_clock,2019-07-21 12:00:02,BONG
big_ben_clock,2019-07-21 11:00:02,BONG BONG BONG BONG BONG BONG BONG BONG BONG BONG BONG BONG
big_ben_clock,2019-07-21 10:00:02,BONG BONG BONG BONG BONG BONG BONG BONG BONG BONG BONG
big_ben_clock,2019-07-21 09:00:02,BONG BONG BONG BONG BONG BONG BONG BONG BONG BONG
big_ben_clock,2019-07-21 08:03:03,BONG BONG BONG BONG BONG BONG BONG BONG BONG
big_ben_clock,2019-07-21 07:06:04,BONG BONG BONG BONG BONG BONG BONG BONG
big_ben_clock,2019-07-21 06:04:03,BONG BONG BONG BONG BONG BONG BONG
big_ben_clock,2019-07-21 05:01:02,BONG BONG BONG BONG BONG BONG
big_ben_clock,2019-07-21 04:00:02,BONG BONG BONG BONG BONG
big_ben_clock,2019-07-21 03:00:02,BONG BONG BONG BONG
big_ben_clock,2019-07-21 02:00:02,BONG BONG BONG
big_ben_clock,2019-07-21 01:00:02,BONG BONG
big_ben_clock,2019-07-21 00:00:02,BONG
big_ben_clock,2019-07-20 23:00:02,BONG BONG BONG BONG BONG BONG BONG BONG BONG BONG BONG BONG
big_ben_clock,2019-07-20 22:00:02,BONG BONG BONG BONG BONG BONG BONG BONG BONG BONG BONG
big_ben_clock,2019-07-20 21:00:02,BONG BONG BONG BONG BONG BONG BONG BONG BONG BONG
big_ben_clock,2019-07-20 20:03:03,BONG BONG BONG BONG BONG BONG BONG BONG BONG
big_ben_clock,2019-07-20 19:06:04,BONG BONG BONG BONG BONG BONG BONG BONG
big_ben_clock,2019-07-20 18:03:03,BONG BONG BONG BONG BONG BONG BONG
big_ben_clock,2019-07-20 17:00:02,BONG BONG BONG BONG BONG BONG
big_ben_clock,2019-07-20 16:00:02,BONG BONG BONG BONG BONG
big_ben_clock,2019-07-20 15:00:02,BONG BONG BONG BONG
big_ben_clock,2019-07-20 14:00:02,BONG BONG BONG
big_ben_clock,2019-07-20 13:00:02,BONG BONG
big_ben_clock,2019-07-20 12:00:02,BONG
big_ben_clock,2019-07-20 11:00:02,BONG BONG BONG BONG BONG BONG BONG BONG BONG BONG BONG BONG
big_ben_clock,2019-07-20 10:00:02,BONG BONG BONG BONG BONG BONG BONG BONG BONG BONG BONG
big_ben_clock,2019-07-20 09:00:02,BONG BONG BONG BONG BONG BONG BONG BONG BONG BONG
big_ben_clock,2019-07-20 08:03:03,BONG BONG BONG BONG BONG BONG BONG BONG BONG
big_ben_clock,2019-07-20 07:05:04,BONG BONG BONG BONG BONG BONG BONG BONG
big_ben_clock,2019-07-20 06:02:03,BONG BONG BONG BONG BONG BONG BONG
big_ben_clock,2019-07-20 05:00:02,BONG BONG BONG BONG BONG BONG
big_ben_clock,2019-07-20 04:00:02,BONG BONG BONG BONG BONG
big_ben_clock,2019-07-20 03:00:02,BONG BONG BONG BONG
big_ben_clock,2019-07-20 02:00:02,BONG BONG BONG
big_ben_clock,2019-07-20 01:00:02,BONG BONG
big_ben_clock,2019-07-20 00:00:02,BONG
big_ben_clock,2019-07-19 23:00:02,BONG BONG BONG BONG BONG BONG BONG BONG BONG BONG BONG BONG
big_ben_clock,2019-07-19 22:00:02,BONG BONG BONG BONG BONG BONG BONG BONG BONG BONG BONG
big_ben_clock,2019-07-19 21:00:02,BONG BONG BONG BONG BONG BONG BONG BONG BONG BONG
big_ben_clock,2019-07-19 20:03:03,BONG BONG BONG BONG BONG BONG BONG BONG BONG
big_ben_clock,2019-07-19 19:05:03,BONG BONG BONG BONG BONG BONG BONG BONG
big_ben_clock,2019-07-19 18:02:03,BONG BONG BONG BONG BONG BONG BONG
big_ben_clock,2019-07-19 17:00:02,BONG BONG BONG BONG BONG BONG
big_ben_clock,2019-07-19 16:00:02,BONG BONG BONG BONG BONG
big_ben_clock,2019-07-19 14:00:02,BONG BONG BONG
big_ben_clock,2019-07-19 13:00:02,BONG BONG
big_ben_clock,2019-07-19 12:00:02,BONG
big_ben_clock,2019-07-19 11:00:02,BONG BONG BONG BONG BONG BONG BONG BONG BONG BONG BONG BONG
big_ben_clock,2019-07-19 10:00:02,BONG BONG BONG BONG BONG BONG BONG BONG BONG BONG BONG
big_ben_clock,2019-07-19 09:00:02,BONG BONG BONG BONG BONG BONG BONG BONG BONG BONG
big_ben_clock,2019-07-19 08:03:03,BONG BONG BONG BONG BONG BONG BONG BONG BONG
big_ben_clock,2019-07-19 07:05:03,BONG BONG BONG BONG BONG BONG BONG BONG
big_ben_clock,2019-07-19 06:02:03,BONG BONG BONG BONG BONG BONG BONG
big_ben_clock,2019-07-19 05:06:04,BONG BONG BONG BONG BONG BONG
big_ben_clock,2019-07-19 03:01:02,BONG BONG BONG BONG
big_ben_clock,2019-07-19 02:01:03,BONG BONG BONG
big_ben_clock,2019-07-18 23:00:02,BONG BONG BONG BONG BONG BONG BONG BONG BONG BONG BONG BONG
big_ben_clock,2019-07-18 22:00:02,BONG BONG BONG BONG BONG BONG BONG BONG BONG BONG BONG
big_ben_clock,2019-07-18 21:00:02,BONG BONG BONG BONG BONG BONG BONG BONG BONG BONG
big_ben_clock,2019-07-18 20:02:03,BONG BONG BONG BONG BONG BONG BONG BONG BONG
big_ben_clock,2019-07-18 19:05:03,BONG BONG BONG BONG BONG BONG BONG BONG
big_ben_clock,2019-07-18 18:01:03,BONG BONG BONG BONG BONG BONG BONG
big_ben_clock,2019-07-18 17:06:04,BONG BONG BONG BONG BONG BONG
big_ben_clock,2019-07-18 15:00:02,BONG BONG BONG BONG
big_ben_clock,2019-07-18 14:01:02,BONG BONG BONG
big_ben_clock,2019-07-18 13:02:05,BONG BONG
big_ben_clock,2019-07-18 12:00:02,BONG
big_ben_clock,2019-07-18 11:02:03,BONG BONG BONG BONG BONG BONG BONG BONG BONG BONG BONG BONG
big_ben_clock,2019-07-18 10:00:02,BONG BONG BONG BONG BONG BONG BONG BONG BONG BONG BONG
big_ben_clock,2019-07-18 09:00:02,BONG BONG BONG BONG BONG BONG BONG BONG BONG BONG
big_ben_clock,2019-07-18 08:02:03,BONG BONG BONG BONG BONG BONG BONG BONG BONG
big_ben_clock,2019-07-18 07:05:03,BONG BONG BONG BONG BONG BONG BONG BONG
big_ben_clock,2019-07-18 06:01:03,BONG BONG BONG BONG BONG BONG BONG
big_ben_clock,2019-07-18 05:06:04,BONG BONG BONG BONG BONG BONG
big_ben_clock,2019-07-18 04:00:03,BONG BONG BONG BONG BONG
big_ben_clock,2019-07-18 03:00:02,BONG BONG BONG BONG
big_ben_clock,2019-07-18 02:01:02,BONG BONG BONG
big_ben_clock,2019-07-18 01:02:03,BONG BONG
big_ben_clock,2019-07-17 23:01:02,BONG BONG BONG BONG BONG BONG BONG BONG BONG BONG BONG BONG
big_ben_clock,2019-07-17 22:00:02,BONG BONG BONG BONG BONG BONG BONG BONG BONG BONG BONG
big_ben_clock,2019-07-17 21:00:02,BONG BONG BONG BONG BONG BONG BONG BONG BONG BONG
big_ben_clock,2019-07-17 20:02:03,BONG BONG BONG BONG BONG BONG BONG BONG BONG
big_ben_clock,2019-07-17 19:04:04,BONG BONG BONG BONG BONG BONG BONG BONG
big_ben_clock,2019-07-17 18:01:03,BONG BONG BONG BONG BONG BONG BONG
big_ben_clock,2019-07-17 17:05:04,BONG BONG BONG BONG BONG BONG
big_ben_clock,2019-07-17 16:00:02,BONG BONG BONG BONG BONG
big_ben_clock,2019-07-17 14:00:02,BONG BONG BONG
big_ben_clock,2019-07-17 13:01:03,BONG BONG
big_ben_clock,2019-07-17 12:02:02,BONG
big_ben_clock,2019-07-17 11:01:02,BONG BONG BONG BONG BONG BONG BONG BONG BONG BONG BONG BONG
big_ben_clock,2019-07-17 10:00:02,BONG BONG BONG BONG BONG BONG BONG BONG BONG BONG BONG
big_ben_clock,2019-07-17 09:00:02,BONG BONG BONG BONG BONG BONG BONG BONG BONG BONG
big_ben_clock,2019-07-17 08:02:03,BONG BONG BONG BONG BONG BONG BONG BONG BONG
big_ben_clock,2019-07-17 07:04:04,BONG BONG BONG BONG BONG BONG BONG BONG
big_ben_clock,2019-07-17 06:01:02,BONG BONG BONG BONG BONG BONG BONG
big_ben_clock,2019-07-17 05:05:04,BONG BONG BONG BONG BONG BONG
big_ben_clock,2019-07-17 04:00:02,BONG BONG BONG BONG BONG
big_ben_clock,2019-07-17 03:01:02,BONG BONG BONG BONG
big_ben_clock,2019-07-17 02:00:02,BONG BONG BONG
big_ben_clock,2019-07-17 00:02:02,BONG
big_ben_clock,2019-07-16 23:01:02,BONG BONG BONG BONG BONG BONG BONG BONG BONG BONG BONG BONG
big_ben_clock,2019-07-16 22:00:02,BONG BONG BONG BONG BONG BONG BONG BONG BONG BONG BONG
big_ben_clock,2019-07-16 21:00:02,BONG BONG BONG BONG BONG BONG BONG BONG BONG BONG
big_ben_clock,2019-07-16 20:02:03,BONG BONG BONG BONG BONG BONG BONG BONG BONG
big_ben_clock,2019-07-16 19:04:03,BONG BONG BONG BONG BONG BONG BONG BONG
big_ben_clock,2019-07-16 18:01:02,BONG BONG BONG BONG BONG BONG BONG
big_ben_clock,2019-07-16 17:04:09,BONG BONG BONG BONG BONG BONG
big_ben_clock,2019-07-16 16:00:02,BONG BONG BONG BONG BONG
big_ben_clock,2019-07-16 15:01:02,BONG BONG BONG BONG
big_ben_clock,2019-07-16 14:00:02,BONG BONG BONG
big_ben_clock,2019-07-16 12:01:03,BONG
big_ben_clock,2019-07-16 11:01:02,BONG BONG BONG BONG BONG BONG BONG BONG BONG BONG BONG BONG
big_ben_clock,2019-07-16 10:00:02,BONG BONG BONG BONG BONG BONG BONG BONG BONG BONG BONG
big_ben_clock,2019-07-16 08:02:02,BONG BONG BONG BONG BONG BONG BONG BONG BONG
big_ben_clock,2019-07-16 07:03:03,BONG BONG BONG BONG BONG BONG BONG BONG
big_ben_clock,2019-07-16 06:01:02,BONG BONG BONG BONG BONG BONG BONG
big_ben_clock,2019-07-16 05:04:04,BONG BONG BONG BONG BONG BONG
big_ben_clock,2019-07-16 04:00:02,BONG BONG BONG BONG BONG
big_ben_clock,2019-07-16 03:00:02,BONG BONG BONG BONG
big_ben_clock,2019-07-16 02:00:02,BONG BONG BONG
big_ben_clock,2019-07-16 01:06:04,BONG BONG
big_ben_clock,2019-07-16 00:01:02,BONG
big_ben_clock,2019-07-15 23:01:02,BONG BONG BONG BONG BONG BONG BONG BONG BONG BONG BONG BONG
big_ben_clock,2019-07-15 22:00:02,BONG BONG BONG BONG BONG BONG BONG BONG BONG BONG BONG
big_ben_clock,2019-07-15 21:00:02,BONG BONG BONG BONG BONG BONG BONG BONG BONG BONG
big_ben_clock,2019-07-15 20:01:03,BONG BONG BONG BONG BONG BONG BONG BONG BONG
big_ben_clock,2019-07-15 19:03:03,BONG BONG BONG BONG BONG BONG BONG BONG
big_ben_clock,2019-07-15 18:01:02,BONG BONG BONG BONG BONG BONG BONG
big_ben_clock,2019-07-15 17:04:03,BONG BONG BONG BONG BONG BONG
big_ben_clock,2019-07-15 16:00:02,BONG BONG BONG BONG BONG
big_ben_clock,2019-07-15 15:00:02,BONG BONG BONG BONG
big_ben_clock,2019-07-15 14:00:02,BONG BONG BONG
big_ben_clock,2019-07-15 13:05:04,BONG BONG
big_ben_clock,2019-07-15 12:01:02,BONG
big_ben_clock,2019-07-15 11:00:02,BONG BONG BONG BONG BONG BONG BONG BONG BONG BONG BONG BONG
big_ben_clock,2019-07-15 10:00:02,BONG BONG BONG BONG BONG BONG BONG BONG BONG BONG BONG
big_ben_clock,2019-07-15 09:00:02,BONG BONG BONG BONG BONG BONG BONG BONG BONG BONG
big_ben_clock,2019-07-15 08:00:03,BONG BONG BONG BONG BONG BONG BONG BONG BONG
big_ben_clock,2019-07-15 07:03:03,BONG BONG BONG BONG BONG BONG BONG BONG
big_ben_clock,2019-07-15 06:00:03,BONG BONG BONG BONG BONG BONG BONG
big_ben_clock,2019-07-15 05:03:04,BONG BONG BONG BONG BONG BONG
big_ben_clock,2019-07-15 04:00:02,BONG BONG BONG BONG BONG
big_ben_clock,2019-07-15 03:00:02,BONG BONG BONG BONG
big_ben_clock,2019-07-15 02:06:04,BONG BONG BONG
big_ben_clock,2019-07-15 01:04:08,BONG BONG
big_ben_clock,2019-07-15 00:01:02,BONG
big_ben_clock,2019-07-14 23:00:02,BONG BONG BONG BONG BONG BONG BONG BONG BONG BONG BONG BONG
big_ben_clock,2019-07-14 22:00:02,BONG BONG BONG BONG BONG BONG BONG BONG BONG BONG BONG
big_ben_clock,2019-07-14 21:00:02,BONG BONG BONG BONG BONG BONG BONG BONG BONG BONG
big_ben_clock,2019-07-14 20:03:03,BONG BONG BONG BONG BONG BONG BONG BONG BONG
big_ben_clock,2019-07-14 19:03:02,BONG BONG BONG BONG BONG BONG BONG BONG
big_ben_clock,2019-07-14 18:00:02,BONG BONG BONG BONG BONG BONG BONG
big_ben_clock,2019-07-14 17:03:03,BONG BONG BONG BONG BONG BONG
big_ben_clock,2019-07-14 15:00:02,BONG BONG BONG BONG
big_ben_clock,2019-07-14 14:06:04,BONG BONG BONG
big_ben_clock,2019-07-14 13:04:03,BONG BONG
big_ben_clock,2019-07-14 12:00:02,BONG
big_ben_clock,2019-07-14 11:00:02,BONG BONG BONG BONG BONG BONG BONG BONG BONG BONG BONG BONG
big_ben_clock,2019-07-14 10:00:02,BONG BONG BONG BONG BONG BONG BONG BONG BONG BONG BONG
big_ben_clock,2019-07-14 09:00:02,BONG BONG BONG BONG BONG BONG BONG BONG BONG BONG
big_ben_clock,2019-07-14 08:03:03,BONG BONG BONG BONG BONG BONG BONG BONG BONG
big_ben_clock,2019-07-14 07:02:03,BONG BONG BONG BONG BONG BONG BONG BONG
big_ben_clock,2019-07-14 06:00:02,BONG BONG BONG BONG BONG BONG BONG
big_ben_clock,2019-07-14 05:03:03,BONG BONG BONG BONG BONG BONG
big_ben_clock,2019-07-14 04:01:02,BONG BONG BONG BONG BONG
big_ben_clock,2019-07-14 03:00:02,BONG BONG BONG BONG
big_ben_clock,2019-07-14 02:06:04,BONG BONG BONG
big_ben_clock,2019-07-14 01:03:03,BONG BONG
big_ben_clock,2019-07-14 00:00:02,BONG
big_ben_clock,2019-07-13 23:00:02,BONG BONG BONG BONG BONG BONG BONG BONG BONG BONG BONG BONG
big_ben_clock,2019-07-13 22:00:02,BONG BONG BONG BONG BONG BONG BONG BONG BONG BONG BONG
big_ben_clock,2019-07-13 21:00:02,BONG BONG BONG BONG BONG BONG BONG BONG BONG BONG
big_ben_clock,2019-07-13 20:02:04,BONG BONG BONG BONG BONG BONG BONG BONG BONG
big_ben_clock,2019-07-13 19:01:03,BONG BONG BONG BONG BONG BONG BONG BONG
big_ben_clock,2019-07-13 18:00:02,BONG BONG BONG BONG BONG BONG BONG
big_ben_clock,2019-07-13 17:02:03,BONG BONG BONG BONG BONG BONG
big_ben_clock,2019-07-13 16:01:02,BONG BONG BONG BONG BONG
big_ben_clock,2019-07-13 15:00:02,BONG BONG BONG BONG
big_ben_clock,2019-07-13 14:06:03,BONG BONG BONG
big_ben_clock,2019-07-13 13:03:03,BONG BONG
big_ben_clock,2019-07-13 12:00:02,BONG
big_ben_clock,2019-07-13 11:00:02,BONG BONG BONG BONG BONG BONG BONG BONG BONG BONG BONG BONG
big_ben_clock,2019-07-13 10:00:02,BONG BONG BONG BONG BONG BONG BONG BONG BONG BONG BONG
big_ben_clock,2019-07-13 09:00:02,BONG BONG BONG BONG BONG BONG BONG BONG BONG BONG
big_ben_clock,2019-07-13 08:02:02,BONG BONG BONG BONG BONG BONG BONG BONG BONG
big_ben_clock,2019-07-13 07:01:02,BONG BONG BONG BONG BONG BONG BONG BONG
big_ben_clock,2019-07-13 06:00:02,BONG BONG BONG BONG BONG BONG BONG
big_ben_clock,2019-07-13 05:01:03,BONG BONG BONG BONG BONG BONG
big_ben_clock,2019-07-13 04:01:02,BONG BONG BONG BONG BONG
big_ben_clock,2019-07-13 03:00:02,BONG BONG BONG BONG
big_ben_clock,2019-07-13 02:05:04,BONG BONG BONG
big_ben_clock,2019-07-13 01:03:03,BONG BONG
big_ben_clock,2019-07-13 00:00:01,BONG
big_ben_clock,2019-07-12 23:00:02,BONG BONG BONG BONG BONG BONG BONG BONG BONG BONG BONG BONG
big_ben_clock,2019-07-12 22:00:02,BONG BONG BONG BONG BONG BONG BONG BONG BONG BONG BONG
big_ben_clock,2019-07-12 21:00:02,BONG BONG BONG BONG BONG BONG BONG BONG BONG BONG
big_ben_clock,2019-07-12 20:01:03,BONG BONG BONG BONG BONG BONG BONG BONG BONG
big_ben_clock,2019-07-12 19:00:03,BONG BONG BONG BONG BONG BONG BONG BONG
big_ben_clock,2019-07-12 18:00:02,BONG BONG BONG BONG BONG BONG BONG
big_ben_clock,2019-07-12 17:01:03,BONG BONG BONG BONG BONG BONG
big_ben_clock,2019-07-12 16:00:03,BONG BONG BONG BONG BONG
big_ben_clock,2019-07-12 15:00:02,BONG BONG BONG BONG
big_ben_clock,2019-07-12 14:05:04,BONG BONG BONG
big_ben_clock,2019-07-12 13:02:03,BONG BONG
big_ben_clock,2019-07-12 12:01:02,BONG
big_ben_clock,2019-07-12 11:02:03,BONG BONG BONG BONG BONG BONG BONG BONG BONG BONG BONG BONG
big_ben_clock,2019-07-12 08:00:02,BONG BONG BONG BONG BONG BONG BONG BONG BONG
big_ben_clock,2019-07-12 05:01:03,BONG BONG BONG BONG BONG BONG
big_ben_clock,2019-07-12 02:05:04,BONG BONG BONG
big_ben_clock,2019-07-12 00:00:02,BONG
big_ben_clock,2019-07-11 23:02:03,BONG BONG BONG BONG BONG BONG BONG BONG BONG BONG BONG BONG
big_ben_clock,2019-07-11 22:06:04,BONG BONG BONG BONG BONG BONG BONG BONG BONG BONG BONG
big_ben_clock,2019-07-11 21:03:03,BONG BONG BONG BONG BONG BONG BONG BONG BONG BONG
big_ben_clock,2019-07-11 20:00:02,BONG BONG BONG BONG BONG BONG BONG BONG BONG
big_ben_clock,2019-07-11 18:05:03,BONG BONG BONG BONG BONG BONG BONG
big_ben_clock,2019-07-11 17:01:03,BONG BONG BONG BONG BONG BONG
big_ben_clock,2019-07-11 16:00:02,BONG BONG BONG BONG BONG
big_ben_clock,2019-07-11 15:00:02,BONG BONG BONG BONG
big_ben_clock,2019-07-11 14:04:03,BONG BONG BONG
big_ben_clock,2019-07-11 13:02:03,BONG BONG
big_ben_clock,2019-07-11 12:01:02,BONG
big_ben_clock,2019-07-11 11:02:03,BONG BONG BONG BONG BONG BONG BONG BONG BONG BONG BONG BONG
big_ben_clock,2019-07-11 10:06:04,BONG BONG BONG BONG BONG BONG BONG BONG BONG BONG BONG
big_ben_clock,2019-07-11 09:03:02,BONG BONG BONG BONG BONG BONG BONG BONG BONG BONG
big_ben_clock,2019-07-11 08:00:02,BONG BONG BONG BONG BONG BONG BONG BONG BONG
big_ben_clock,2019-07-11 07:00:02,BONG BONG BONG BONG BONG BONG BONG BONG
big_ben_clock,2019-07-11 06:05:03,BONG BONG BONG BONG BONG BONG BONG
big_ben_clock,2019-07-11 05:01:03,BONG BONG BONG BONG BONG BONG
big_ben_clock,2019-07-11 04:00:02,BONG BONG BONG BONG BONG
big_ben_clock,2019-07-11 03:00:02,BONG BONG BONG BONG
big_ben_clock,2019-07-11 02:04:03,BONG BONG BONG
big_ben_clock,2019-07-11 01:01:03,BONG BONG
big_ben_clock,2019-07-11 00:00:02,BONG
big_ben_clock,2019-07-10 23:02:03,BONG BONG BONG BONG BONG BONG BONG BONG BONG BONG BONG BONG
big_ben_clock,2019-07-10 22:06:04,BONG BONG BONG BONG BONG BONG BONG BONG BONG BONG BONG
big_ben_clock,2019-07-10 21:02:03,BONG BONG BONG BONG BONG BONG BONG BONG BONG BONG
big_ben_clock,2019-07-10 19:04:04,BONG BONG BONG BONG BONG BONG BONG BONG
big_ben_clock,2019-07-10 18:04:04,BONG BONG BONG BONG BONG BONG BONG
big_ben_clock,2019-07-10 17:01:02,BONG BONG BONG BONG BONG BONG
big_ben_clock,2019-07-10 16:00:02,BONG BONG BONG BONG BONG
big_ben_clock,2019-07-10 15:00:02,BONG BONG BONG BONG
big_ben_clock,2019-07-10 14:04:03,BONG BONG BONG
big_ben_clock,2019-07-10 13:01:03,BONG BONG
big_ben_clock,2019-07-10 12:00:02,BONG
big_ben_clock,2019-07-10 11:01:03,BONG BONG BONG BONG BONG BONG BONG BONG BONG BONG BONG BONG
big_ben_clock,2019-07-10 10:06:04,BONG BONG BONG BONG BONG BONG BONG BONG BONG BONG BONG
big_ben_clock,2019-07-10 09:02:02,BONG BONG BONG BONG BONG BONG BONG BONG BONG BONG
big_ben_clock,2019-07-10 08:01:03,BONG BONG BONG BONG BONG BONG BONG BONG BONG
big_ben_clock,2019-07-10 07:09:05,BONG BONG BONG BONG BONG BONG BONG BONG
big_ben_clock,2019-07-10 06:04:03,BONG BONG BONG BONG BONG BONG BONG
big_ben_clock,2019-07-10 05:01:02,BONG BONG BONG BONG BONG BONG
big_ben_clock,2019-07-10 04:00:02,BONG BONG BONG BONG BONG
big_ben_clock,2019-07-10 03:00:02,BONG BONG BONG BONG
big_ben_clock,2019-07-10 02:04:03,BONG BONG BONG
big_ben_clock,2019-07-10 01:01:03,BONG BONG
big_ben_clock,2019-07-10 00:00:02,BONG
big_ben_clock,2019-07-09 23:01:03,BONG BONG BONG BONG BONG BONG BONG BONG BONG BONG BONG BONG
big_ben_clock,2019-07-09 22:06:04,BONG BONG BONG BONG BONG BONG BONG BONG BONG BONG BONG
big_ben_clock,2019-07-09 21:02:02,BONG BONG BONG BONG BONG BONG BONG BONG BONG BONG
big_ben_clock,2019-07-09 20:03:03,BONG BONG BONG BONG BONG BONG BONG BONG BONG
big_ben_clock,2019-07-09 19:09:05,BONG BONG BONG BONG BONG BONG BONG BONG
big_ben_clock,2019-07-09 18:03:19,BONG BONG BONG BONG BONG BONG BONG
big_ben_clock,2019-07-09 17:01:02,BONG BONG BONG BONG BONG BONG
big_ben_clock,2019-07-09 14:03:03,BONG BONG BONG
big_ben_clock,2019-07-09 13:00:02,BONG BONG
big_ben_clock,2019-07-09 12:00:02,BONG
big_ben_clock,2019-07-09 11:01:03,BONG BONG BONG BONG BONG BONG BONG BONG BONG BONG BONG BONG
big_ben_clock,2019-07-09 10:06:04,BONG BONG BONG BONG BONG BONG BONG BONG BONG BONG BONG
big_ben_clock,2019-07-09 09:01:02,BONG BONG BONG BONG BONG BONG BONG BONG BONG BONG
big_ben_clock,2019-07-09 08:02:03,BONG BONG BONG BONG BONG BONG BONG BONG BONG
big_ben_clock,2019-07-09 07:09:04,BONG BONG BONG BONG BONG BONG BONG BONG
big_ben_clock,2019-07-09 06:03:03,BONG BONG BONG BONG BONG BONG BONG
big_ben_clock,2019-07-09 05:00:02,BONG BONG BONG BONG BONG BONG
big_ben_clock,2019-07-09 04:00:02,BONG BONG BONG BONG BONG
big_ben_clock,2019-07-09 03:00:02,BONG BONG BONG BONG
big_ben_clock,2019-07-09 02:02:04,BONG BONG BONG
big_ben_clock,2019-07-09 01:00:02,BONG BONG
big_ben_clock,2019-07-09 00:00:02,BONG
big_ben_clock,2019-07-08 23:00:03,BONG BONG BONG BONG BONG BONG BONG BONG BONG BONG BONG BONG
big_ben_clock,2019-07-08 22:05:04,BONG BONG BONG BONG BONG BONG BONG BONG BONG BONG BONG
big_ben_clock,2019-07-08 21:03:03,BONG BONG BONG BONG BONG BONG BONG BONG BONG BONG
big_ben_clock,2019-07-08 20:02:03,BONG BONG BONG BONG BONG BONG BONG BONG BONG
big_ben_clock,2019-07-08 19:08:05,BONG BONG BONG BONG BONG BONG BONG BONG
big_ben_clock,2019-07-08 18:03:03,BONG BONG BONG BONG BONG BONG BONG
big_ben_clock,2019-07-08 17:00:02,BONG BONG BONG BONG BONG BONG
big_ben_clock,2019-07-08 16:00:02,BONG BONG BONG BONG BONG
big_ben_clock,2019-07-08 15:00:02,BONG BONG BONG BONG
big_ben_clock,2019-07-08 14:02:03,BONG BONG BONG
big_ben_clock,2019-07-08 13:00:02,BONG BONG
big_ben_clock,2019-07-08 12:00:02,BONG
big_ben_clock,2019-07-08 11:00:02,BONG BONG BONG BONG BONG BONG BONG BONG BONG BONG BONG BONG
big_ben_clock,2019-07-08 10:05:03,BONG BONG BONG BONG BONG BONG BONG BONG BONG BONG BONG
big_ben_clock,2019-07-08 09:03:03,BONG BONG BONG BONG BONG BONG BONG BONG BONG BONG
big_ben_clock,2019-07-08 08:01:03,BONG BONG BONG BONG BONG BONG BONG BONG BONG
big_ben_clock,2019-07-08 07:08:05,BONG BONG BONG BONG BONG BONG BONG BONG
big_ben_clock,2019-07-08 06:03:03,BONG BONG BONG BONG BONG BONG BONG
big_ben_clock,2019-07-08 05:00:02,BONG BONG BONG BONG BONG BONG
big_ben_clock,2019-07-08 04:00:02,BONG BONG BONG BONG BONG
big_ben_clock,2019-07-08 03:00:02,BONG BONG BONG BONG
big_ben_clock,2019-07-08 02:01:03,BONG BONG BONG
big_ben_clock,2019-07-08 01:00:02,BONG BONG
big_ben_clock,2019-07-08 00:00:02,BONG
big_ben_clock,2019-07-07 23:05:03,BONG BONG BONG BONG BONG BONG BONG BONG BONG BONG BONG BONG
big_ben_clock,2019-07-07 22:04:04,BONG BONG BONG BONG BONG BONG BONG BONG BONG BONG BONG
big_ben_clock,2019-07-07 21:03:03,BONG BONG BONG BONG BONG BONG BONG BONG BONG BONG
big_ben_clock,2019-07-07 20:00:03,BONG BONG BONG BONG BONG BONG BONG BONG BONG
big_ben_clock,2019-07-07 19:08:05,BONG BONG BONG BONG BONG BONG BONG BONG
big_ben_clock,2019-07-07 18:03:03,BONG BONG BONG BONG BONG BONG BONG
big_ben_clock,2019-07-07 17:00:02,BONG BONG BONG BONG BONG BONG
big_ben_clock,2019-07-07 16:05:04,BONG BONG BONG BONG BONG
big_ben_clock,2019-07-07 15:00:02,BONG BONG BONG BONG
big_ben_clock,2019-07-07 14:00:03,BONG BONG BONG
big_ben_clock,2019-07-07 13:07:04,BONG BONG
big_ben_clock,2019-07-07 12:00:02,BONG
big_ben_clock,2019-07-07 11:04:04,BONG BONG BONG BONG BONG BONG BONG BONG BONG BONG BONG BONG
big_ben_clock,2019-07-07 10:04:04,BONG BONG BONG BONG BONG BONG BONG BONG BONG BONG BONG
big_ben_clock,2019-07-07 09:03:03,BONG BONG BONG BONG BONG BONG BONG BONG BONG BONG
big_ben_clock,2019-07-07 08:00:02,BONG BONG BONG BONG BONG BONG BONG BONG BONG
big_ben_clock,2019-07-07 07:07:05,BONG BONG BONG BONG BONG BONG BONG BONG
big_ben_clock,2019-07-07 06:03:03,BONG BONG BONG BONG BONG BONG BONG
big_ben_clock,2019-07-07 05:00:02,BONG BONG BONG BONG BONG BONG
big_ben_clock,2019-07-07 04:05:04,BONG BONG BONG BONG BONG
big_ben_clock,2019-07-07 03:00:02,BONG BONG BONG BONG
big_ben_clock,2019-07-07 02:00:02,BONG BONG BONG
big_ben_clock,2019-07-07 01:07:04,BONG BONG
big_ben_clock,2019-07-07 00:00:02,BONG
big_ben_clock,2019-07-06 23:03:04,BONG BONG BONG BONG BONG BONG BONG BONG BONG BONG BONG BONG
big_ben_clock,2019-07-06 22:04:03,BONG BONG BONG BONG BONG BONG BONG BONG BONG BONG BONG
big_ben_clock,2019-07-06 21:03:02,BONG BONG BONG BONG BONG BONG BONG BONG BONG BONG
big_ben_clock,2019-07-06 20:00:02,BONG BONG BONG BONG BONG BONG BONG BONG BONG
big_ben_clock,2019-07-06 19:07:04,BONG BONG BONG BONG BONG BONG BONG BONG
big_ben_clock,2019-07-06 18:03:03,BONG BONG BONG BONG BONG BONG BONG
big_ben_clock,2019-07-06 17:00:02,BONG BONG BONG BONG BONG BONG
big_ben_clock,2019-07-06 16:04:08,BONG BONG BONG BONG BONG
big_ben_clock,2019-07-06 15:00:02,BONG BONG BONG BONG
big_ben_clock,2019-07-06 14:00:02,BONG BONG BONG
big_ben_clock,2019-07-06 13:07:04,BONG BONG
big_ben_clock,2019-07-06 12:00:02,BONG
big_ben_clock,2019-07-06 11:03:02,BONG BONG BONG BONG BONG BONG BONG BONG BONG BONG BONG BONG
big_ben_clock,2019-07-06 10:03:03,BONG BONG BONG BONG BONG BONG BONG BONG BONG BONG BONG
big_ben_clock,2019-07-06 09:02:03,BONG BONG BONG BONG BONG BONG BONG BONG BONG BONG
big_ben_clock,2019-07-06 08:00:02,BONG BONG BONG BONG BONG BONG BONG BONG BONG
big_ben_clock,2019-07-06 07:06:05,BONG BONG BONG BONG BONG BONG BONG BONG
big_ben_clock,2019-07-06 06:03:03,BONG BONG BONG BONG BONG BONG BONG
big_ben_clock,2019-07-06 05:00:02,BONG BONG BONG BONG BONG BONG
big_ben_clock,2019-07-06 04:04:03,BONG BONG BONG BONG BONG
big_ben_clock,2019-07-06 03:00:02,BONG BONG BONG BONG
big_ben_clock,2019-07-06 02:03:04,BONG BONG BONG
big_ben_clock,2019-07-06 01:07:04,BONG BONG
big_ben_clock,2019-07-06 00:00:02,BONG
big_ben_clock,2019-07-05 23:02:03,BONG BONG BONG BONG BONG BONG BONG BONG BONG BONG BONG BONG
big_ben_clock,2019-07-05 22:02:08,BONG BONG BONG BONG BONG BONG BONG BONG BONG BONG BONG
big_ben_clock,2019-07-05 21:02:02,BONG BONG BONG BONG BONG BONG BONG BONG BONG BONG
big_ben_clock,2019-07-05 20:00:02,BONG BONG BONG BONG BONG BONG BONG BONG BONG
big_ben_clock,2019-07-05 19:06:03,BONG BONG BONG BONG BONG BONG BONG BONG
big_ben_clock,2019-07-05 18:03:03,BONG BONG BONG BONG BONG BONG BONG
big_ben_clock,2019-07-05 17:00:02,BONG BONG BONG BONG BONG BONG
big_ben_clock,2019-07-05 16:03:12,BONG BONG BONG BONG BONG
big_ben_clock,2019-07-05 15:00:02,BONG BONG BONG BONG
big_ben_clock,2019-07-05 14:03:03,BONG BONG BONG
big_ben_clock,2019-07-05 13:07:04,BONG BONG
big_ben_clock,2019-07-05 12:00:02,BONG
big_ben_clock,2019-07-05 11:02:03,BONG BONG BONG BONG BONG BONG BONG BONG BONG BONG BONG BONG
big_ben_clock,2019-07-05 10:02:03,BONG BONG BONG BONG BONG BONG BONG BONG BONG BONG BONG
big_ben_clock,2019-07-05 09:01:03,BONG BONG BONG BONG BONG BONG BONG BONG BONG BONG
big_ben_clock,2019-07-05 08:00:02,BONG BONG BONG BONG BONG BONG BONG BONG BONG
big_ben_clock,2019-07-05 07:05:04,BONG BONG BONG BONG BONG BONG BONG BONG
big_ben_clock,2019-07-05 06:00:02,BONG BONG BONG BONG BONG BONG BONG
big_ben_clock,2019-07-05 05:00:02,BONG BONG BONG BONG BONG BONG
big_ben_clock,2019-07-05 04:03:03,BONG BONG BONG BONG BONG
big_ben_clock,2019-07-05 03:00:02,BONG BONG BONG BONG
big_ben_clock,2019-07-05 02:02:03,BONG BONG BONG
big_ben_clock,2019-07-05 01:06:05,BONG BONG
big_ben_clock,2019-07-05 00:00:02,BONG
big_ben_clock,2019-07-04 23:02:03,BONG BONG BONG BONG BONG BONG BONG BONG BONG BONG BONG BONG
big_ben_clock,2019-07-04 22:01:02,BONG BONG BONG BONG BONG BONG BONG BONG BONG BONG BONG
big_ben_clock,2019-07-04 21:01:03,BONG BONG BONG BONG BONG BONG BONG BONG BONG BONG
big_ben_clock,2019-07-04 20:00:02,BONG BONG BONG BONG BONG BONG BONG BONG BONG
big_ben_clock,2019-07-04 19:05:04,BONG BONG BONG BONG BONG BONG BONG BONG
big_ben_clock,2019-07-04 18:00:02,BONG BONG BONG BONG BONG BONG BONG
big_ben_clock,2019-07-04 17:00:02,BONG BONG BONG BONG BONG BONG
big_ben_clock,2019-07-04 16:03:03,BONG BONG BONG BONG BONG
big_ben_clock,2019-07-04 15:00:02,BONG BONG BONG BONG
big_ben_clock,2019-07-04 14:02:03,BONG BONG BONG
big_ben_clock,2019-07-04 13:06:04,BONG BONG
big_ben_clock,2019-07-04 12:00:02,BONG
big_ben_clock,2019-07-04 11:02:03,BONG BONG BONG BONG BONG BONG BONG BONG BONG BONG BONG BONG
big_ben_clock,2019-07-04 10:01:02,BONG BONG BONG BONG BONG BONG BONG BONG BONG BONG BONG
big_ben_clock,2019-07-04 09:01:02,BONG BONG BONG BONG BONG BONG BONG BONG BONG BONG
big_ben_clock,2019-07-04 08:00:02,BONG BONG BONG BONG BONG BONG BONG BONG BONG
big_ben_clock,2019-07-04 07:05:04,BONG BONG BONG BONG BONG BONG BONG BONG
big_ben_clock,2019-07-04 06:00:02,BONG BONG BONG BONG BONG BONG BONG
big_ben_clock,2019-07-04 05:00:02,BONG BONG BONG BONG BONG BONG
big_ben_clock,2019-07-04 04:03:03,BONG BONG BONG BONG BONG
big_ben_clock,2019-07-04 03:00:02,BONG BONG BONG BONG
big_ben_clock,2019-07-04 02:02:03,BONG BONG BONG
big_ben_clock,2019-07-04 01:06:04,BONG BONG
big_ben_clock,2019-07-04 00:00:02,BONG
big_ben_clock,2019-07-03 23:02:03,BONG BONG BONG BONG BONG BONG BONG BONG BONG BONG BONG BONG
big_ben_clock,2019-07-03 22:01:02,BONG BONG BONG BONG BONG BONG BONG BONG BONG BONG BONG
big_ben_clock,2019-07-03 21:00:03,BONG BONG BONG BONG BONG BONG BONG BONG BONG BONG
big_ben_clock,2019-07-03 20:00:02,BONG BONG BONG BONG BONG BONG BONG BONG BONG
big_ben_clock,2019-07-03 19:04:04,BONG BONG BONG BONG BONG BONG BONG BONG
big_ben_clock,2019-07-03 18:00:02,BONG BONG BONG BONG BONG BONG BONG
big_ben_clock,2019-07-03 17:00:02,BONG BONG BONG BONG BONG BONG
big_ben_clock,2019-07-03 16:03:03,BONG BONG BONG BONG BONG
big_ben_clock,2019-07-03 15:00:02,BONG BONG BONG BONG
big_ben_clock,2019-07-03 14:01:03,BONG BONG BONG
big_ben_clock,2019-07-03 13:06:04,BONG BONG
big_ben_clock,2019-07-03 12:00:02,BONG
big_ben_clock,2019-07-03 11:02:02,BONG BONG BONG BONG BONG BONG BONG BONG BONG BONG BONG BONG
big_ben_clock,2019-07-03 10:01:02,BONG BONG BONG BONG BONG BONG BONG BONG BONG BONG BONG
big_ben_clock,2019-07-03 08:01:02,BONG BONG BONG BONG BONG BONG BONG BONG BONG
big_ben_clock,2019-07-03 07:04:03,BONG BONG BONG BONG BONG BONG BONG BONG
big_ben_clock,2019-07-03 04:02:03,BONG BONG BONG BONG BONG
big_ben_clock,2019-07-03 02:00:02,BONG BONG BONG
big_ben_clock,2019-07-03 01:05:04,BONG BONG
big_ben_clock,2019-07-02 23:01:03,BONG BONG BONG BONG BONG BONG BONG BONG BONG BONG BONG BONG
big_ben_clock,2019-07-02 22:01:02,BONG BONG BONG BONG BONG BONG BONG BONG BONG BONG BONG
big_ben_clock,2019-07-02 21:01:03,BONG BONG BONG BONG BONG BONG BONG BONG BONG BONG
big_ben_clock,2019-07-02 20:00:02,BONG BONG BONG BONG BONG BONG BONG BONG BONG
big_ben_clock,2019-07-02 19:04:03,BONG BONG BONG BONG BONG BONG BONG BONG
big_ben_clock,2019-07-02 18:02:08,BONG BONG BONG BONG BONG BONG BONG
big_ben_clock,2019-07-02 17:00:02,BONG BONG BONG BONG BONG BONG
big_ben_clock,2019-07-02 16:01:03,BONG BONG BONG BONG BONG
big_ben_clock,2019-07-02 15:00:02,BONG BONG BONG BONG
big_ben_clock,2019-07-02 14:00:02,BONG BONG BONG
big_ben_clock,2019-07-02 13:05:04,BONG BONG
big_ben_clock,2019-07-02 12:00:01,BONG
big_ben_clock,2019-07-02 11:01:02,BONG BONG BONG BONG BONG BONG BONG BONG BONG BONG BONG BONG
big_ben_clock,2019-07-02 10:01:02,BONG BONG BONG BONG BONG BONG BONG BONG BONG BONG BONG
big_ben_clock,2019-07-02 09:01:02,BONG BONG BONG BONG BONG BONG BONG BONG BONG BONG
big_ben_clock,2019-07-02 08:00:02,BONG BONG BONG BONG BONG BONG BONG BONG BONG
big_ben_clock,2019-07-02 07:03:03,BONG BONG BONG BONG BONG BONG BONG BONG
big_ben_clock,2019-07-02 06:02:02,BONG BONG BONG BONG BONG BONG BONG
big_ben_clock,2019-07-02 05:01:03,BONG BONG BONG BONG BONG BONG
big_ben_clock,2019-07-02 04:01:02,BONG BONG BONG BONG BONG
big_ben_clock,2019-07-02 03:00:02,BONG BONG BONG BONG
big_ben_clock,2019-07-02 02:03:03,BONG BONG BONG
big_ben_clock,2019-07-02 01:05:04,BONG BONG
big_ben_clock,2019-07-02 00:00:02,BONG
big_ben_clock,2019-07-01 23:00:03,BONG BONG BONG BONG BONG BONG BONG BONG BONG BONG BONG BONG
big_ben_clock,2019-07-01 22:00:02,BONG BONG BONG BONG BONG BONG BONG BONG BONG BONG BONG
big_ben_clock,2019-07-01 21:00:02,BONG BONG BONG BONG BONG BONG BONG BONG BONG BONG
big_ben_clock,2019-07-01 20:00:02,BONG BONG BONG BONG BONG BONG BONG BONG BONG
big_ben_clock,2019-07-01 19:02:03,BONG BONG BONG BONG BONG BONG BONG BONG
big_ben_clock,2019-07-01 18:01:03,BONG BONG BONG BONG BONG BONG BONG
big_ben_clock,2019-07-01 17:00:07,BONG BONG BONG BONG BONG BONG
big_ben_clock,2019-07-01 16:00:03,BONG BONG BONG BONG BONG
big_ben_clock,2019-07-01 15:00:02,BONG BONG BONG BONG
big_ben_clock,2019-07-01 14:02:08,BONG BONG BONG
big_ben_clock,2019-07-01 13:05:04,BONG BONG
big_ben_clock,2019-07-01 12:00:02,BONG
big_ben_clock,2019-07-01 11:00:02,BONG BONG BONG BONG BONG BONG BONG BONG BONG BONG BONG BONG
big_ben_clock,2019-07-01 10:00:02,BONG BONG BONG BONG BONG BONG BONG BONG BONG BONG BONG
big_ben_clock,2019-07-01 09:00:02,BONG BONG BONG BONG BONG BONG BONG BONG BONG BONG
big_ben_clock,2019-07-01 08:00:02,BONG BONG BONG BONG BONG BONG BONG BONG BONG
big_ben_clock,2019-07-01 07:02:03,BONG BONG BONG BONG BONG BONG BONG BONG
big_ben_clock,2019-07-01 06:01:02,BONG BONG BONG BONG BONG BONG BONG
big_ben_clock,2019-07-01 05:00:02,BONG BONG BONG BONG BONG BONG
big_ben_clock,2019-07-01 04:00:02,BONG BONG BONG BONG BONG
big_ben_clock,2019-07-01 03:00:02,BONG BONG BONG BONG
big_ben_clock,2019-07-01 02:02:02,BONG BONG BONG
big_ben_clock,2019-07-01 01:05:04,BONG BONG
big_ben_clock,2019-07-01 00:00:02,BONG
big_ben_clock,2019-06-30 23:00:02,BONG BONG BONG BONG BONG BONG BONG BONG BONG BONG BONG BONG
big_ben_clock,2019-06-30 22:00:02,BONG BONG BONG BONG BONG BONG BONG BONG BONG BONG BONG
big_ben_clock,2019-06-30 21:00:02,BONG BONG BONG BONG BONG BONG BONG BONG BONG BONG
big_ben_clock,2019-06-30 20:00:02,BONG BONG BONG BONG BONG BONG BONG BONG BONG
big_ben_clock,2019-06-30 19:01:03,BONG BONG BONG BONG BONG BONG BONG BONG
big_ben_clock,2019-06-30 18:01:02,BONG BONG BONG BONG BONG BONG BONG
big_ben_clock,2019-06-30 17:00:02,BONG BONG BONG BONG BONG BONG
big_ben_clock,2019-06-30 16:01:02,BONG BONG BONG BONG BONG
big_ben_clock,2019-06-30 15:00:02,BONG BONG BONG BONG
big_ben_clock,2019-06-30 14:01:02,BONG BONG BONG
big_ben_clock,2019-06-30 13:05:04,BONG BONG
big_ben_clock,2019-06-30 12:00:02,BONG
big_ben_clock,2019-06-30 11:00:02,BONG BONG BONG BONG BONG BONG BONG BONG BONG BONG BONG BONG
big_ben_clock,2019-06-30 10:00:02,BONG BONG BONG BONG BONG BONG BONG BONG BONG BONG BONG
big_ben_clock,2019-06-30 09:00:02,BONG BONG BONG BONG BONG BONG BONG BONG BONG BONG
big_ben_clock,2019-06-30 08:00:02,BONG BONG BONG BONG BONG BONG BONG BONG BONG
big_ben_clock,2019-06-30 07:01:03,BONG BONG BONG BONG BONG BONG BONG BONG
big_ben_clock,2019-06-30 06:00:02,BONG BONG BONG BONG BONG BONG BONG
big_ben_clock,2019-06-30 05:00:02,BONG BONG BONG BONG BONG BONG
big_ben_clock,2019-06-30 04:01:02,BONG BONG BONG BONG BONG
big_ben_clock,2019-06-30 03:01:02,BONG BONG BONG BONG
big_ben_clock,2019-06-30 02:01:02,BONG BONG BONG
big_ben_clock,2019-06-30 01:05:03,BONG BONG
big_ben_clock,2019-06-30 00:00:02,BONG
big_ben_clock,2019-06-29 23:00:02,BONG BONG BONG BONG BONG BONG BONG BONG BONG BONG BONG BONG
big_ben_clock,2019-06-29 22:00:02,BONG BONG BONG BONG BONG BONG BONG BONG BONG BONG BONG
big_ben_clock,2019-06-29 21:00:02,BONG BONG BONG BONG BONG BONG BONG BONG BONG BONG
big_ben_clock,2019-06-29 20:00:02,BONG BONG BONG BONG BONG BONG BONG BONG BONG
big_ben_clock,2019-06-29 19:01:02,BONG BONG BONG BONG BONG BONG BONG BONG
big_ben_clock,2019-06-29 18:00:02,BONG BONG BONG BONG BONG BONG BONG
big_ben_clock,2019-06-29 17:00:02,BONG BONG BONG BONG BONG BONG
big_ben_clock,2019-06-29 16:00:02,BONG BONG BONG BONG BONG
big_ben_clock,2019-06-29 15:00:02,BONG BONG BONG BONG
big_ben_clock,2019-06-29 14:00:03,BONG BONG BONG
big_ben_clock,2019-06-29 13:05:03,BONG BONG
big_ben_clock,2019-06-29 12:00:02,BONG
big_ben_clock,2019-06-29 11:00:02,BONG BONG BONG BONG BONG BONG BONG BONG BONG BONG BONG BONG
big_ben_clock,2019-06-29 10:00:02,BONG BONG BONG BONG BONG BONG BONG BONG BONG BONG BONG
big_ben_clock,2019-06-29 09:00:02,BONG BONG BONG BONG BONG BONG BONG BONG BONG BONG
big_ben_clock,2019-06-29 08:00:02,BONG BONG BONG BONG BONG BONG BONG BONG BONG
big_ben_clock,2019-06-29 07:01:02,BONG BONG BONG BONG BONG BONG BONG BONG
big_ben_clock,2019-06-29 06:00:02,BONG BONG BONG BONG BONG BONG BONG
big_ben_clock,2019-06-29 05:00:02,BONG BONG BONG BONG BONG BONG
big_ben_clock,2019-06-29 04:00:02,BONG BONG BONG BONG BONG
big_ben_clock,2019-06-29 03:00:02,BONG BONG BONG BONG
big_ben_clock,2019-06-29 02:00:02,BONG BONG BONG
big_ben_clock,2019-06-29 01:05:03,BONG BONG
big_ben_clock,2019-06-29 00:00:02,BONG
big_ben_clock,2019-06-28 23:00:02,BONG BONG BONG BONG BONG BONG BONG BONG BONG BONG BONG BONG
big_ben_clock,2019-06-28 22:00:02,BONG BONG BONG BONG BONG BONG BONG BONG BONG BONG BONG
big_ben_clock,2019-06-28 21:00:02,BONG BONG BONG BONG BONG BONG BONG BONG BONG BONG
big_ben_clock,2019-06-28 20:00:02,BONG BONG BONG BONG BONG BONG BONG BONG BONG
big_ben_clock,2019-06-28 19:00:02,BONG BONG BONG BONG BONG BONG BONG BONG
big_ben_clock,2019-06-28 18:00:02,BONG BONG BONG BONG BONG BONG BONG
big_ben_clock,2019-06-28 17:00:02,BONG BONG BONG BONG BONG BONG
big_ben_clock,2019-06-28 16:00:02,BONG BONG BONG BONG BONG
big_ben_clock,2019-06-28 15:00:02,BONG BONG BONG BONG
big_ben_clock,2019-06-28 14:00:02,BONG BONG BONG
big_ben_clock,2019-06-28 13:04:04,BONG BONG
big_ben_clock,2019-06-28 12:00:02,BONG
big_ben_clock,2019-06-28 11:00:02,BONG BONG BONG BONG BONG BONG BONG BONG BONG BONG BONG BONG
big_ben_clock,2019-06-28 10:00:02,BONG BONG BONG BONG BONG BONG BONG BONG BONG BONG BONG
big_ben_clock,2019-06-28 09:00:02,BONG BONG BONG BONG BONG BONG BONG BONG BONG BONG
big_ben_clock,2019-06-28 08:00:02,BONG BONG BONG BONG BONG BONG BONG BONG BONG
big_ben_clock,2019-06-28 07:00:02,BONG BONG BONG BONG BONG BONG BONG BONG
big_ben_clock,2019-06-28 06:00:02,BONG BONG BONG BONG BONG BONG BONG
big_ben_clock,2019-06-28 04:00:02,BONG BONG BONG BONG BONG
big_ben_clock,2019-06-28 03:00:02,BONG BONG BONG BONG
big_ben_clock,2019-06-28 02:03:03,BONG BONG BONG
big_ben_clock,2019-06-28 01:04:03,BONG BONG
big_ben_clock,2019-06-28 00:00:02,BONG
big_ben_clock,2019-06-27 23:00:02,BONG BONG BONG BONG BONG BONG BONG BONG BONG BONG BONG BONG
big_ben_clock,2019-06-27 22:00:02,BONG BONG BONG BONG BONG BONG BONG BONG BONG BONG BONG
big_ben_clock,2019-06-27 21:03:03,BONG BONG BONG BONG BONG BONG BONG BONG BONG BONG
big_ben_clock,2019-06-27 20:00:02,BONG BONG BONG BONG BONG BONG BONG BONG BONG
big_ben_clock,2019-06-27 19:02:06,BONG BONG BONG BONG BONG BONG BONG BONG
big_ben_clock,2019-06-27 18:00:02,BONG BONG BONG BONG BONG BONG BONG
big_ben_clock,2019-06-27 17:00:02,BONG BONG BONG BONG BONG BONG
big_ben_clock,2019-06-27 16:00:02,BONG BONG BONG BONG BONG
big_ben_clock,2019-06-27 14:03:03,BONG BONG BONG
big_ben_clock,2019-06-27 13:03:03,BONG BONG
big_ben_clock,2019-06-27 12:00:02,BONG
big_ben_clock,2019-06-27 11:00:02,BONG BONG BONG BONG BONG BONG BONG BONG BONG BONG BONG BONG
big_ben_clock,2019-06-27 10:00:02,BONG BONG BONG BONG BONG BONG BONG BONG BONG BONG BONG
big_ben_clock,2019-06-27 09:03:03,BONG BONG BONG BONG BONG BONG BONG BONG BONG BONG
big_ben_clock,2019-06-27 08:00:02,BONG BONG BONG BONG BONG BONG BONG BONG BONG
big_ben_clock,2019-06-27 07:02:03,BONG BONG BONG BONG BONG BONG BONG BONG
big_ben_clock,2019-06-27 06:00:02,BONG BONG BONG BONG BONG BONG BONG
big_ben_clock,2019-06-27 05:00:02,BONG BONG BONG BONG BONG BONG
big_ben_clock,2019-06-27 04:00:02,BONG BONG BONG BONG BONG
big_ben_clock,2019-06-27 03:00:02,BONG BONG BONG BONG
big_ben_clock,2019-06-27 02:03:03,BONG BONG BONG
big_ben_clock,2019-06-27 01:03:03,BONG BONG
big_ben_clock,2019-06-27 00:00:02,BONG
big_ben_clock,2019-06-26 23:04:04,BONG BONG BONG BONG BONG BONG BONG BONG BONG BONG BONG BONG
big_ben_clock,2019-06-26 22:00:02,BONG BONG BONG BONG BONG BONG BONG BONG BONG BONG BONG
big_ben_clock,2019-06-26 21:03:03,BONG BONG BONG BONG BONG BONG BONG BONG BONG BONG
big_ben_clock,2019-06-26 20:00:02,BONG BONG BONG BONG BONG BONG BONG BONG BONG
big_ben_clock,2019-06-26 19:02:03,BONG BONG BONG BONG BONG BONG BONG BONG
big_ben_clock,2019-06-26 18:00:02,BONG BONG BONG BONG BONG BONG BONG
big_ben_clock,2019-06-26 17:00:02,BONG BONG BONG BONG BONG BONG
big_ben_clock,2019-06-26 16:00:02,BONG BONG BONG BONG BONG
big_ben_clock,2019-06-26 15:03:03,BONG BONG BONG BONG
big_ben_clock,2019-06-26 14:02:04,BONG BONG BONG
big_ben_clock,2019-06-26 13:03:03,BONG BONG
big_ben_clock,2019-06-26 12:00:02,BONG
big_ben_clock,2019-06-26 11:04:03,BONG BONG BONG BONG BONG BONG BONG BONG BONG BONG BONG BONG
big_ben_clock,2019-06-26 10:00:02,BONG BONG BONG BONG BONG BONG BONG BONG BONG BONG BONG
big_ben_clock,2019-06-26 09:03:03,BONG BONG BONG BONG BONG BONG BONG BONG BONG BONG
big_ben_clock,2019-06-26 08:00:02,BONG BONG BONG BONG BONG BONG BONG BONG BONG
big_ben_clock,2019-06-26 07:02:03,BONG BONG BONG BONG BONG BONG BONG BONG
big_ben_clock,2019-06-26 06:00:02,BONG BONG BONG BONG BONG BONG BONG
big_ben_clock,2019-06-26 05:00:02,BONG BONG BONG BONG BONG BONG
big_ben_clock,2019-06-26 04:00:02,BONG BONG BONG BONG BONG
big_ben_clock,2019-06-26 03:02:03,BONG BONG BONG BONG
big_ben_clock,2019-06-26 02:02:03,BONG BONG BONG
big_ben_clock,2019-06-26 01:03:03,BONG BONG
big_ben_clock,2019-06-26 00:00:02,BONG
big_ben_clock,2019-06-25 23:04:03,BONG BONG BONG BONG BONG BONG BONG BONG BONG BONG BONG BONG
big_ben_clock,2019-06-25 22:00:02,BONG BONG BONG BONG BONG BONG BONG BONG BONG BONG BONG
big_ben_clock,2019-06-25 21:02:03,BONG BONG BONG BONG BONG BONG BONG BONG BONG BONG
big_ben_clock,2019-06-25 20:05:04,BONG BONG BONG BONG BONG BONG BONG BONG BONG
big_ben_clock,2019-06-25 19:02:02,BONG BONG BONG BONG BONG BONG BONG BONG
big_ben_clock,2019-06-25 18:00:02,BONG BONG BONG BONG BONG BONG BONG
big_ben_clock,2019-06-25 16:05:03,BONG BONG BONG BONG BONG
big_ben_clock,2019-06-25 15:02:03,BONG BONG BONG BONG
big_ben_clock,2019-06-25 14:02:03,BONG BONG BONG
big_ben_clock,2019-06-25 13:03:03,BONG BONG
big_ben_clock,2019-06-25 12:00:02,BONG
big_ben_clock,2019-06-25 11:03:03,BONG BONG BONG BONG BONG BONG BONG BONG BONG BONG BONG BONG
big_ben_clock,2019-06-25 10:00:02,BONG BONG BONG BONG BONG BONG BONG BONG BONG BONG BONG
big_ben_clock,2019-06-25 09:02:03,BONG BONG BONG BONG BONG BONG BONG BONG BONG BONG
big_ben_clock,2019-06-25 08:05:03,BONG BONG BONG BONG BONG BONG BONG BONG BONG
big_ben_clock,2019-06-25 07:02:02,BONG BONG BONG BONG BONG BONG BONG BONG
big_ben_clock,2019-06-25 06:00:02,BONG BONG BONG BONG BONG BONG BONG
big_ben_clock,2019-06-25 05:00:02,BONG BONG BONG BONG BONG BONG
big_ben_clock,2019-06-25 04:04:04,BONG BONG BONG BONG BONG
big_ben_clock,2019-06-25 03:01:03,BONG BONG BONG BONG
big_ben_clock,2019-06-25 02:02:03,BONG BONG BONG
big_ben_clock,2019-06-25 01:02:03,BONG BONG
big_ben_clock,2019-06-25 00:00:01,BONG
big_ben_clock,2019-06-24 23:03:03,BONG BONG BONG BONG BONG BONG BONG BONG BONG BONG BONG BONG
big_ben_clock,2019-06-24 22:00:02,BONG BONG BONG BONG BONG BONG BONG BONG BONG BONG BONG
big_ben_clock,2019-06-24 21:02:03,BONG BONG BONG BONG BONG BONG BONG BONG BONG BONG
big_ben_clock,2019-06-24 20:04:04,BONG BONG BONG BONG BONG BONG BONG BONG BONG
big_ben_clock,2019-06-24 19:01:02,BONG BONG BONG BONG BONG BONG BONG BONG
big_ben_clock,2019-06-24 18:00:02,BONG BONG BONG BONG BONG BONG BONG
big_ben_clock,2019-06-24 17:00:02,BONG BONG BONG BONG BONG BONG
big_ben_clock,2019-06-24 16:04:03,BONG BONG BONG BONG BONG
big_ben_clock,2019-06-24 15:01:02,BONG BONG BONG BONG
big_ben_clock,2019-06-24 14:01:03,BONG BONG BONG
big_ben_clock,2019-06-24 13:02:02,BONG BONG
big_ben_clock,2019-06-24 12:00:02,BONG
big_ben_clock,2019-06-24 11:02:03,BONG BONG BONG BONG BONG BONG BONG BONG BONG BONG BONG BONG
big_ben_clock,2019-06-24 10:00:02,BONG BONG BONG BONG BONG BONG BONG BONG BONG BONG BONG
big_ben_clock,2019-06-24 09:02:03,BONG BONG BONG BONG BONG BONG BONG BONG BONG BONG
big_ben_clock,2019-06-24 08:04:04,BONG BONG BONG BONG BONG BONG BONG BONG BONG
big_ben_clock,2019-06-24 07:01:02,BONG BONG BONG BONG BONG BONG BONG BONG
big_ben_clock,2019-06-24 06:00:02,BONG BONG BONG BONG BONG BONG BONG
big_ben_clock,2019-06-24 05:03:03,BONG BONG BONG BONG BONG BONG
big_ben_clock,2019-06-24 04:04:03,BONG BONG BONG BONG BONG
big_ben_clock,2019-06-24 03:01:02,BONG BONG BONG BONG
big_ben_clock,2019-06-24 02:00:03,BONG BONG BONG
big_ben_clock,2019-06-24 01:01:03,BONG BONG
big_ben_clock,2019-06-24 00:03:03,BONG
big_ben_clock,2019-06-23 23:01:03,BONG BONG BONG BONG BONG BONG BONG BONG BONG BONG BONG BONG
big_ben_clock,2019-06-23 22:02:02,BONG BONG BONG BONG BONG BONG BONG BONG BONG BONG BONG
big_ben_clock,2019-06-23 21:02:02,BONG BONG BONG BONG BONG BONG BONG BONG BONG BONG
big_ben_clock,2019-06-23 20:03:04,BONG BONG BONG BONG BONG BONG BONG BONG BONG
big_ben_clock,2019-06-23 19:01:02,BONG BONG BONG BONG BONG BONG BONG BONG
big_ben_clock,2019-06-23 18:00:02,BONG BONG BONG BONG BONG BONG BONG
big_ben_clock,2019-06-23 17:02:03,BONG BONG BONG BONG BONG BONG
big_ben_clock,2019-06-23 16:03:04,BONG BONG BONG BONG BONG
big_ben_clock,2019-06-23 15:01:02,BONG BONG BONG BONG
big_ben_clock,2019-06-23 14:00:02,BONG BONG BONG
big_ben_clock,2019-06-23 13:01:02,BONG BONG
big_ben_clock,2019-06-23 12:03:03,BONG
big_ben_clock,2019-06-23 11:01:03,BONG BONG BONG BONG BONG BONG BONG BONG BONG BONG BONG BONG
big_ben_clock,2019-06-23 10:01:03,BONG BONG BONG BONG BONG BONG BONG BONG BONG BONG BONG
big_ben_clock,2019-06-23 09:01:03,BONG BONG BONG BONG BONG BONG BONG BONG BONG BONG
big_ben_clock,2019-06-23 08:03:03,BONG BONG BONG BONG BONG BONG BONG BONG BONG
big_ben_clock,2019-06-23 07:00:07,BONG BONG BONG BONG BONG BONG BONG BONG
big_ben_clock,2019-06-23 06:00:02,BONG BONG BONG BONG BONG BONG BONG
big_ben_clock,2019-06-23 05:01:03,BONG BONG BONG BONG BONG BONG
big_ben_clock,2019-06-23 04:03:03,BONG BONG BONG BONG BONG
big_ben_clock,2019-06-23 03:01:02,BONG BONG BONG BONG
big_ben_clock,2019-06-23 02:00:02,BONG BONG BONG
big_ben_clock,2019-06-23 01:00:02,BONG BONG
big_ben_clock,2019-06-23 00:03:02,BONG
big_ben_clock,2019-06-22 23:01:03,BONG BONG BONG BONG BONG BONG BONG BONG BONG BONG BONG BONG
big_ben_clock,2019-06-22 22:00:05,BONG BONG BONG BONG BONG BONG BONG BONG BONG BONG BONG
big_ben_clock,2019-06-22 21:00:07,BONG BONG BONG BONG BONG BONG BONG BONG BONG BONG
big_ben_clock,2019-06-22 20:03:03,BONG BONG BONG BONG BONG BONG BONG BONG BONG
big_ben_clock,2019-06-22 19:00:02,BONG BONG BONG BONG BONG BONG BONG BONG
big_ben_clock,2019-06-22 18:00:02,BONG BONG BONG BONG BONG BONG BONG
big_ben_clock,2019-06-22 17:01:03,BONG BONG BONG BONG BONG BONG
big_ben_clock,2019-06-22 16:03:02,BONG BONG BONG BONG BONG
big_ben_clock,2019-06-22 15:01:02,BONG BONG BONG BONG
big_ben_clock,2019-06-22 14:00:02,BONG BONG BONG
big_ben_clock,2019-06-22 13:00:02,BONG BONG
big_ben_clock,2019-06-22 12:02:03,BONG
big_ben_clock,2019-06-22 11:00:02,BONG BONG BONG BONG BONG BONG BONG BONG BONG BONG BONG BONG
big_ben_clock,2019-06-22 10:00:03,BONG BONG BONG BONG BONG BONG BONG BONG BONG BONG BONG
big_ben_clock,2019-06-22 09:00:02,BONG BONG BONG BONG BONG BONG BONG BONG BONG BONG
big_ben_clock,2019-06-22 08:03:03,BONG BONG BONG BONG BONG BONG BONG BONG BONG
big_ben_clock,2019-06-22 07:00:02,BONG BONG BONG BONG BONG BONG BONG BONG
big_ben_clock,2019-06-22 06:00:02,BONG BONG BONG BONG BONG BONG BONG
big_ben_clock,2019-06-22 05:01:02,BONG BONG BONG BONG BONG BONG
big_ben_clock,2019-06-22 04:02:03,BONG BONG BONG BONG BONG
big_ben_clock,2019-06-22 03:00:02,BONG BONG BONG BONG
big_ben_clock,2019-06-22 02:00:02,BONG BONG BONG
big_ben_clock,2019-06-22 01:00:02,BONG BONG
big_ben_clock,2019-06-22 00:02:03,BONG
big_ben_clock,2019-06-21 23:00:02,BONG BONG BONG BONG BONG BONG BONG BONG BONG BONG BONG BONG
big_ben_clock,2019-06-21 22:00:02,BONG BONG BONG BONG BONG BONG BONG BONG BONG BONG BONG
big_ben_clock,2019-06-21 21:00:02,BONG BONG BONG BONG BONG BONG BONG BONG BONG BONG
big_ben_clock,2019-06-21 20:03:03,BONG BONG BONG BONG BONG BONG BONG BONG BONG
big_ben_clock,2019-06-21 19:00:02,BONG BONG BONG BONG BONG BONG BONG BONG
big_ben_clock,2019-06-21 18:02:03,BONG BONG BONG BONG BONG BONG BONG
big_ben_clock,2019-06-21 17:00:02,BONG BONG BONG BONG BONG BONG
big_ben_clock,2019-06-21 16:02:03,BONG BONG BONG BONG BONG
big_ben_clock,2019-06-21 15:00:02,BONG BONG BONG BONG
big_ben_clock,2019-06-21 14:01:02,BONG BONG BONG
big_ben_clock,2019-06-21 13:00:02,BONG BONG
big_ben_clock,2019-06-21 12:02:02,BONG
big_ben_clock,2019-06-21 11:00:02,BONG BONG BONG BONG BONG BONG BONG BONG BONG BONG BONG BONG
big_ben_clock,2019-06-21 10:00:02,BONG BONG BONG BONG BONG BONG BONG BONG BONG BONG BONG
big_ben_clock,2019-06-21 09:00:02,BONG BONG BONG BONG BONG BONG BONG BONG BONG BONG
big_ben_clock,2019-06-21 08:03:03,BONG BONG BONG BONG BONG BONG BONG BONG BONG
big_ben_clock,2019-06-21 07:00:02,BONG BONG BONG BONG BONG BONG BONG BONG
big_ben_clock,2019-06-21 06:02:03,BONG BONG BONG BONG BONG BONG BONG
big_ben_clock,2019-06-21 05:00:02,BONG BONG BONG BONG BONG BONG
big_ben_clock,2019-06-21 04:02:02,BONG BONG BONG BONG BONG
big_ben_clock,2019-06-21 03:00:02,BONG BONG BONG BONG
big_ben_clock,2019-06-21 02:01:02,BONG BONG BONG
big_ben_clock,2019-06-21 01:00:02,BONG BONG
big_ben_clock,2019-06-21 00:01:03,BONG
big_ben_clock,2019-06-20 23:00:02,BONG BONG BONG BONG BONG BONG BONG BONG BONG BONG BONG BONG
big_ben_clock,2019-06-20 22:09:04,BONG BONG BONG BONG BONG BONG BONG BONG BONG BONG BONG
big_ben_clock,2019-06-20 20:03:03,BONG BONG BONG BONG BONG BONG BONG BONG BONG
big_ben_clock,2019-06-20 19:00:02,BONG BONG BONG BONG BONG BONG BONG BONG
big_ben_clock,2019-06-20 18:02:03,BONG BONG BONG BONG BONG BONG BONG
big_ben_clock,2019-06-20 17:00:02,BONG BONG BONG BONG BONG BONG
big_ben_clock,2019-06-20 16:01:03,BONG BONG BONG BONG BONG
big_ben_clock,2019-06-20 15:00:02,BONG BONG BONG BONG
big_ben_clock,2019-06-20 14:00:02,BONG BONG BONG
big_ben_clock,2019-06-20 13:00:02,BONG BONG
big_ben_clock,2019-06-20 12:01:03,BONG
big_ben_clock,2019-06-20 11:00:02,BONG BONG BONG BONG BONG BONG BONG BONG BONG BONG BONG BONG
big_ben_clock,2019-06-20 10:08:09,BONG BONG BONG BONG BONG BONG BONG BONG BONG BONG BONG
big_ben_clock,2019-06-20 09:01:02,BONG BONG BONG BONG BONG BONG BONG BONG BONG BONG
big_ben_clock,2019-06-20 08:02:03,BONG BONG BONG BONG BONG BONG BONG BONG BONG
big_ben_clock,2019-06-20 07:00:02,BONG BONG BONG BONG BONG BONG BONG BONG
big_ben_clock,2019-06-20 06:02:02,BONG BONG BONG BONG BONG BONG BONG
big_ben_clock,2019-06-20 05:00:02,BONG BONG BONG BONG BONG BONG
big_ben_clock,2019-06-20 04:00:07,BONG BONG BONG BONG BONG
big_ben_clock,2019-06-20 03:00:02,BONG BONG BONG BONG
big_ben_clock,2019-06-20 02:00:02,BONG BONG BONG
big_ben_clock,2019-06-20 01:00:02,BONG BONG
big_ben_clock,2019-06-20 00:01:02,BONG
big_ben_clock,2019-06-19 23:00:02,BONG BONG BONG BONG BONG BONG BONG BONG BONG BONG BONG BONG
big_ben_clock,2019-06-19 22:08:05,BONG BONG BONG BONG BONG BONG BONG BONG BONG BONG BONG
big_ben_clock,2019-06-19 21:01:02,BONG BONG BONG BONG BONG BONG BONG BONG BONG BONG
big_ben_clock,2019-06-19 20:02:03,BONG BONG BONG BONG BONG BONG BONG BONG BONG
big_ben_clock,2019-06-19 19:00:02,BONG BONG BONG BONG BONG BONG BONG BONG
big_ben_clock,2019-06-19 18:01:03,BONG BONG BONG BONG BONG BONG BONG
big_ben_clock,2019-06-19 17:00:02,BONG BONG BONG BONG BONG BONG
big_ben_clock,2019-06-19 16:00:02,BONG BONG BONG BONG BONG
big_ben_clock,2019-06-19 15:00:02,BONG BONG BONG BONG
big_ben_clock,2019-06-19 14:00:02,BONG BONG BONG
big_ben_clock,2019-06-19 13:00:02,BONG BONG
big_ben_clock,2019-06-19 12:01:02,BONG
big_ben_clock,2019-06-19 11:00:02,BONG BONG BONG BONG BONG BONG BONG BONG BONG BONG BONG BONG
big_ben_clock,2019-06-19 10:08:05,BONG BONG BONG BONG BONG BONG BONG BONG BONG BONG BONG
big_ben_clock,2019-06-19 09:01:02,BONG BONG BONG BONG BONG BONG BONG BONG BONG BONG
big_ben_clock,2019-06-19 08:02:03,BONG BONG BONG BONG BONG BONG BONG BONG BONG
big_ben_clock,2019-06-19 07:00:02,BONG BONG BONG BONG BONG BONG BONG BONG
big_ben_clock,2019-06-19 06:00:03,BONG BONG BONG BONG BONG BONG BONG
big_ben_clock,2019-06-19 05:00:02,BONG BONG BONG BONG BONG BONG
big_ben_clock,2019-06-19 04:00:02,BONG BONG BONG BONG BONG
big_ben_clock,2019-06-19 03:00:02,BONG BONG BONG BONG
big_ben_clock,2019-06-19 02:00:02,BONG BONG BONG
big_ben_clock,2019-06-19 01:00:02,BONG BONG
big_ben_clock,2019-06-19 00:01:02,BONG
big_ben_clock,2019-06-18 23:00:02,BONG BONG BONG BONG BONG BONG BONG BONG BONG BONG BONG BONG
big_ben_clock,2019-06-18 22:08:05,BONG BONG BONG BONG BONG BONG BONG BONG BONG BONG BONG
big_ben_clock,2019-06-18 21:01:02,BONG BONG BONG BONG BONG BONG BONG BONG BONG BONG
big_ben_clock,2019-06-18 20:02:03,BONG BONG BONG BONG BONG BONG BONG BONG BONG
big_ben_clock,2019-06-18 19:00:02,BONG BONG BONG BONG BONG BONG BONG BONG
big_ben_clock,2019-06-18 18:00:02,BONG BONG BONG BONG BONG BONG BONG
big_ben_clock,2019-06-18 17:00:02,BONG BONG BONG BONG BONG BONG
big_ben_clock,2019-06-18 16:02:09,BONG BONG BONG BONG BONG
big_ben_clock,2019-06-18 15:04:05,BONG BONG BONG BONG
big_ben_clock,2019-06-18 14:00:02,BONG BONG BONG
big_ben_clock,2019-06-18 13:00:02,BONG BONG
big_ben_clock,2019-06-18 12:01:02,BONG
big_ben_clock,2019-06-18 11:00:02,BONG BONG BONG BONG BONG BONG BONG BONG BONG BONG BONG BONG
big_ben_clock,2019-06-18 10:00:02,BONG BONG BONG BONG BONG BONG BONG BONG BONG BONG BONG
big_ben_clock,2019-06-18 09:01:02,BONG BONG BONG BONG BONG BONG BONG BONG BONG BONG
big_ben_clock,2019-06-18 08:02:02,BONG BONG BONG BONG BONG BONG BONG BONG BONG
big_ben_clock,2019-06-18 07:00:02,BONG BONG BONG BONG BONG BONG BONG BONG
big_ben_clock,2019-06-18 06:00:02,BONG BONG BONG BONG BONG BONG BONG
big_ben_clock,2019-06-18 05:00:02,BONG BONG BONG BONG BONG BONG
big_ben_clock,2019-06-18 04:02:03,BONG BONG BONG BONG BONG
big_ben_clock,2019-06-18 03:04:03,BONG BONG BONG BONG
big_ben_clock,2019-06-18 02:00:02,BONG BONG BONG
big_ben_clock,2019-06-18 01:00:02,BONG BONG
big_ben_clock,2019-06-18 00:01:02,BONG
big_ben_clock,2019-06-17 23:00:02,BONG BONG BONG BONG BONG BONG BONG BONG BONG BONG BONG BONG
big_ben_clock,2019-06-17 22:00:02,BONG BONG BONG BONG BONG BONG BONG BONG BONG BONG BONG
big_ben_clock,2019-06-17 21:00:03,BONG BONG BONG BONG BONG BONG BONG BONG BONG BONG
big_ben_clock,2019-06-17 20:01:03,BONG BONG BONG BONG BONG BONG BONG BONG BONG
big_ben_clock,2019-06-17 19:01:03,BONG BONG BONG BONG BONG BONG BONG BONG
big_ben_clock,2019-06-17 18:00:02,BONG BONG BONG BONG BONG BONG BONG
big_ben_clock,2019-06-17 17:00:02,BONG BONG BONG BONG BONG BONG
big_ben_clock,2019-06-17 16:02:02,BONG BONG BONG BONG BONG
big_ben_clock,2019-06-17 15:03:03,BONG BONG BONG BONG
big_ben_clock,2019-06-17 14:00:02,BONG BONG BONG
big_ben_clock,2019-06-17 13:00:02,BONG BONG
big_ben_clock,2019-06-17 12:01:02,BONG
big_ben_clock,2019-06-17 11:00:02,BONG BONG BONG BONG BONG BONG BONG BONG BONG BONG BONG BONG
big_ben_clock,2019-06-17 10:00:02,BONG BONG BONG BONG BONG BONG BONG BONG BONG BONG BONG
big_ben_clock,2019-06-17 09:03:03,BONG BONG BONG BONG BONG BONG BONG BONG BONG BONG
big_ben_clock,2019-06-17 08:01:02,BONG BONG BONG BONG BONG BONG BONG BONG BONG
big_ben_clock,2019-06-17 07:01:02,BONG BONG BONG BONG BONG BONG BONG BONG
big_ben_clock,2019-06-17 06:00:02,BONG BONG BONG BONG BONG BONG BONG
big_ben_clock,2019-06-17 05:00:02,BONG BONG BONG BONG BONG BONG
big_ben_clock,2019-06-17 04:01:02,BONG BONG BONG BONG BONG
big_ben_clock,2019-06-17 03:03:03,BONG BONG BONG BONG
big_ben_clock,2019-06-17 02:00:02,BONG BONG BONG
big_ben_clock,2019-06-17 01:00:02,BONG BONG
big_ben_clock,2019-06-17 00:01:02,BONG
big_ben_clock,2019-06-16 23:00:02,BONG BONG BONG BONG BONG BONG BONG BONG BONG BONG BONG BONG
big_ben_clock,2019-06-16 22:00:02,BONG BONG BONG BONG BONG BONG BONG BONG BONG BONG BONG
big_ben_clock,2019-06-16 21:03:03,BONG BONG BONG BONG BONG BONG BONG BONG BONG BONG
big_ben_clock,2019-06-16 20:01:02,BONG BONG BONG BONG BONG BONG BONG BONG BONG
big_ben_clock,2019-06-16 19:00:03,BONG BONG BONG BONG BONG BONG BONG BONG
big_ben_clock,2019-06-16 18:00:02,BONG BONG BONG BONG BONG BONG BONG
big_ben_clock,2019-06-16 17:00:02,BONG BONG BONG BONG BONG BONG
big_ben_clock,2019-06-16 16:00:03,BONG BONG BONG BONG BONG
